Name,Price,Link,Tag,Images,Colors
Standard Cloth Liam Cropped Short Sleeve Shirt,$49.00,https://www.urbanoutfitters.com/shop/standard-cloth-liam-cropped-short-sleeve-shirt?category=mens-clothing&color=014,N/A,", , , , , https://images.urbndata.com/is/image/UrbanOutfitters/90292103_014_s?fit=constrain&hei=56&qlt=75, https://images.urbndata.com/is/image/UrbanOutfitters/90292103_001_s?fit=constrain&hei=56&qlt=75","Rainy Day: https://images.urbndata.com/is/image/UrbanOutfitters/90292103_014_s?fit=constrain&hei=56&qlt=75, Black: https://images.urbndata.com/is/image/UrbanOutfitters/90292103_001_s?fit=constrain&hei=56&qlt=75"
The North Face Class V Pathfinder Belted Short,$59.50,https://www.urbanoutfitters.com/shop/the-north-face-class-v-pathfinder-belted-short?category=mens-clothing&color=036,Top Rated,", , , , , https://images.urbndata.com/is/image/UrbanOutfitters/86583994_036_s?fit=constrain&hei=56&qlt=75, https://images.urbndata.com/is/image/UrbanOutfitters/86583994_033_s?fit=constrain&hei=56&qlt=75, https://images.urbndata.com/is/image/UrbanOutfitters/86583994_004_s?fit=constrain&hei=56&qlt=75, https://images.urbndata.com/is/image/UrbanOutfitters/86583994_044_s?fit=constrain&hei=56&qlt=75","Forest Olive: https://images.urbndata.com/is/image/UrbanOutfitters/86583994_036_s?fit=constrain&hei=56&qlt=75, Optic Emerald: https://images.urbndata.com/is/image/UrbanOutfitters/86583994_033_s?fit=constrain&hei=56&qlt=75, Gravel: https://images.urbndata.com/is/image/UrbanOutfitters/86583994_004_s?fit=constrain&hei=56&qlt=75, Steel Blue: https://images.urbndata.com/is/image/UrbanOutfitters/86583994_044_s?fit=constrain&hei=56&qlt=75"
Nike UO Exclusive Cropped Swim Shirt,$54.00,https://www.urbanoutfitters.com/shop/nike-uo-exclusive-cropped-swim-shirt?category=mens-clothing&color=001,UO Exclusive,", , , , https://images.urbndata.com/is/image/UrbanOutfitters/87590634_066_s?fit=constrain&hei=56&qlt=75, https://images.urbndata.com/is/image/UrbanOutfitters/87590634_001_s?fit=constrain&hei=56&qlt=75, https://images.urbndata.com/is/image/UrbanOutfitters/87590634_010_s?fit=constrain&hei=56&qlt=75, https://images.urbndata.com/is/image/UrbanOutfitters/87590634_030_s?fit=constrain&hei=56&qlt=75","Playful Pink: https://images.urbndata.com/is/image/UrbanOutfitters/87590634_066_s?fit=constrain&hei=56&qlt=75, Black: https://images.urbndata.com/is/image/UrbanOutfitters/87590634_001_s?fit=constrain&hei=56&qlt=75, White: https://images.urbndata.com/is/image/UrbanOutfitters/87590634_010_s?fit=constrain&hei=56&qlt=75, Green: https://images.urbndata.com/is/image/UrbanOutfitters/87590634_030_s?fit=constrain&hei=56&qlt=75"
N/A,N/A,https://www.urbanoutfitters.com/uo-community-pride-2024?inline1=1,N/A,https://images.ctfassets.net/q602vtcuu3w3/3ZJhJE5dgd81UsOA1C6sih/bd966e850e1e831760584d64da60ff3c/23_JUN_WK5_PRIDE-INLINE-BANNERS-EN-GENERAL-PRIDE.jpg?w=445&q=80&fm=jpg&fl=progressive,
Standard Cloth Reverse Terry Foundation Sweatpant,$49.00,https://www.urbanoutfitters.com/shop/standard-cloth-reverse-terry-foundation-sweatpant?category=mens-clothing&color=006,N/A,", , , , , , https://images.urbndata.com/is/image/UrbanOutfitters/84744705_026_s?fit=constrain&hei=56&qlt=75, https://images.urbndata.com/is/image/UrbanOutfitters/84744705_005_s?fit=constrain&hei=56&qlt=75, https://images.urbndata.com/is/image/UrbanOutfitters/84744705_040_s?fit=constrain&hei=56&qlt=75, https://images.urbndata.com/is/image/UrbanOutfitters/84744705_006_s?fit=constrain&hei=56&qlt=75","Chutney: https://images.urbndata.com/is/image/UrbanOutfitters/84744705_026_s?fit=constrain&hei=56&qlt=75, Tan: https://images.urbndata.com/is/image/UrbanOutfitters/84744705_005_s?fit=constrain&hei=56&qlt=75, Blue: https://images.urbndata.com/is/image/UrbanOutfitters/84744705_040_s?fit=constrain&hei=56&qlt=75, Light Grey: https://images.urbndata.com/is/image/UrbanOutfitters/84744705_006_s?fit=constrain&hei=56&qlt=75"
Standard Cloth Liam Stripe Crinkle Shirt,$39.00 – $49.00,https://www.urbanoutfitters.com/shop/standard-cloth-liam-stripe-crinkle-shirt?category=mens-clothing&color=046,Top Rated,", , , , https://images.urbndata.com/is/image/UrbanOutfitters/80687577_046_s?fit=constrain&hei=56&qlt=75, https://images.urbndata.com/is/image/UrbanOutfitters/80687577_029_s?fit=constrain&hei=56&qlt=75, https://images.urbndata.com/is/image/UrbanOutfitters/80687577_041_s?fit=constrain&hei=56&qlt=75, https://images.urbndata.com/is/image/UrbanOutfitters/80687577_009_s?fit=constrain&hei=56&qlt=75","Turquoise: https://images.urbndata.com/is/image/UrbanOutfitters/80687577_046_s?fit=constrain&hei=56&qlt=75, Brown Multi: https://images.urbndata.com/is/image/UrbanOutfitters/80687577_029_s?fit=constrain&hei=56&qlt=75, Navy: https://images.urbndata.com/is/image/UrbanOutfitters/80687577_041_s?fit=constrain&hei=56&qlt=75, Black Multi: https://images.urbndata.com/is/image/UrbanOutfitters/80687577_009_s?fit=constrain&hei=56&qlt=75"
Nike Packable Belted Cargo Short,$65.00,https://www.urbanoutfitters.com/shop/nike-packable-belted-cargo-short?category=mens-clothing&color=045,N/A,", , , , https://images.urbndata.com/is/image/UrbanOutfitters/59299438_036_s?fit=constrain&hei=56&qlt=75, https://images.urbndata.com/is/image/UrbanOutfitters/59299438_045_s?fit=constrain&hei=56&qlt=75, https://images.urbndata.com/is/image/UrbanOutfitters/59299438_033_s?fit=constrain&hei=56&qlt=75, https://images.urbndata.com/is/image/UrbanOutfitters/59299438_044_s?fit=constrain&hei=56&qlt=75","Khaki: https://images.urbndata.com/is/image/UrbanOutfitters/59299438_036_s?fit=constrain&hei=56&qlt=75, Court Blue: https://images.urbndata.com/is/image/UrbanOutfitters/59299438_045_s?fit=constrain&hei=56&qlt=75, Bicoastal: https://images.urbndata.com/is/image/UrbanOutfitters/59299438_033_s?fit=constrain&hei=56&qlt=75, Aquarius Blue: https://images.urbndata.com/is/image/UrbanOutfitters/59299438_044_s?fit=constrain&hei=56&qlt=75"
Standard Cloth Football Jersey,$49.00,https://www.urbanoutfitters.com/shop/standard-cloth-football-jersey?category=mens-clothing&color=041,N/A,", , , , https://images.urbndata.com/is/image/UrbanOutfitters/89801385_041_s?fit=constrain&hei=56&qlt=75, https://images.urbndata.com/is/image/UrbanOutfitters/89801385_010_s?fit=constrain&hei=56&qlt=75, https://images.urbndata.com/is/image/UrbanOutfitters/89801385_072_s?fit=constrain&hei=56&qlt=75, https://images.urbndata.com/is/image/UrbanOutfitters/89801385_040_s?fit=constrain&hei=56&qlt=75","Estate Blue: https://images.urbndata.com/is/image/UrbanOutfitters/89801385_041_s?fit=constrain&hei=56&qlt=75, Bright White: https://images.urbndata.com/is/image/UrbanOutfitters/89801385_010_s?fit=constrain&hei=56&qlt=75, Yellow Iris: https://images.urbndata.com/is/image/UrbanOutfitters/89801385_072_s?fit=constrain&hei=56&qlt=75, Blue: https://images.urbndata.com/is/image/UrbanOutfitters/89801385_040_s?fit=constrain&hei=56&qlt=75"
Cookman Chef Short,$45.00,https://www.urbanoutfitters.com/shop/cookman-chef-short?category=mens-clothing&color=020,N/A,", , , , https://images.urbndata.com/is/image/UrbanOutfitters/88862206_020_s?fit=constrain&hei=56&qlt=75, https://images.urbndata.com/is/image/UrbanOutfitters/88862206_042_s?fit=constrain&hei=56&qlt=75","Canvas Brown: https://images.urbndata.com/is/image/UrbanOutfitters/88862206_020_s?fit=constrain&hei=56&qlt=75, Hickory Navy: https://images.urbndata.com/is/image/UrbanOutfitters/88862206_042_s?fit=constrain&hei=56&qlt=75"
N/A,N/A,https://www.urbanoutfitters.com/the-marias?inline1=1,N/A,https://images.ctfassets.net/q602vtcuu3w3/6BkZCFX9VvIK1pawOaD7P3/519accd7277ebd8334707d9b742fa183/24_MAY_WK4_PARTNERSHIP_THE_MARIAS_EM15.jpg?w=445&q=80&fm=jpg&fl=progressive,
BDG Americana Game Day Muscle Tee,$39.00,https://www.urbanoutfitters.com/shop/bdg-americana-game-day-muscle-tee?category=mens-clothing&color=060,N/A,", , , , , , https://images.urbndata.com/is/image/UrbanOutfitters/90952631_040_s?fit=constrain&hei=56&qlt=75, https://images.urbndata.com/is/image/UrbanOutfitters/90952631_060_s?fit=constrain&hei=56&qlt=75, https://images.urbndata.com/is/image/UrbanOutfitters/90952631_006_s?fit=constrain&hei=56&qlt=75","Blue Fusion: https://images.urbndata.com/is/image/UrbanOutfitters/90952631_040_s?fit=constrain&hei=56&qlt=75, Red: https://images.urbndata.com/is/image/UrbanOutfitters/90952631_060_s?fit=constrain&hei=56&qlt=75, Gray Heather: https://images.urbndata.com/is/image/UrbanOutfitters/90952631_006_s?fit=constrain&hei=56&qlt=75"
BDG Bonfire Volley Sweatshort,$39.00,https://www.urbanoutfitters.com/shop/bdg-bonfire-volley-sweatshort?category=mens-clothing&color=082,N/A,", , , , , https://images.urbndata.com/is/image/UrbanOutfitters/87887733_082_s?fit=constrain&hei=56&qlt=75, https://images.urbndata.com/is/image/UrbanOutfitters/87887733_021_s?fit=constrain&hei=56&qlt=75, https://images.urbndata.com/is/image/UrbanOutfitters/87887733_070_s?fit=constrain&hei=56&qlt=75, https://images.urbndata.com/is/image/UrbanOutfitters/87887733_034_s?fit=constrain&hei=56&qlt=75","Medium Orange: https://images.urbndata.com/is/image/UrbanOutfitters/87887733_082_s?fit=constrain&hei=56&qlt=75, Chocolate Brown: https://images.urbndata.com/is/image/UrbanOutfitters/87887733_021_s?fit=constrain&hei=56&qlt=75, Bright Gold: https://images.urbndata.com/is/image/UrbanOutfitters/87887733_070_s?fit=constrain&hei=56&qlt=75, Aloe Wash: https://images.urbndata.com/is/image/UrbanOutfitters/87887733_034_s?fit=constrain&hei=56&qlt=75"
ASICS GT-2160 Sneaker,$120.00 – $140.00,https://www.urbanoutfitters.com/shop/asics-gt-2160-sneaker?category=mens-clothing&color=030,N/A,", , , , https://images.urbndata.com/is/image/UrbanOutfitters/84134709_030_s?fit=constrain&hei=56&qlt=75, https://images.urbndata.com/is/image/UrbanOutfitters/84134709_007_s?fit=constrain&hei=56&qlt=75, https://images.urbndata.com/is/image/UrbanOutfitters/84134709_080_s?fit=constrain&hei=56&qlt=75, https://images.urbndata.com/is/image/UrbanOutfitters/84134709_025_s?fit=constrain&hei=56&qlt=75","Green: https://images.urbndata.com/is/image/UrbanOutfitters/84134709_030_s?fit=constrain&hei=56&qlt=75, Silver: https://images.urbndata.com/is/image/UrbanOutfitters/84134709_007_s?fit=constrain&hei=56&qlt=75, White + Orange Lily: https://images.urbndata.com/is/image/UrbanOutfitters/84134709_080_s?fit=constrain&hei=56&qlt=75, Honey: https://images.urbndata.com/is/image/UrbanOutfitters/84134709_025_s?fit=constrain&hei=56&qlt=75"
Standard Cloth Jason Pleated Trouser Pant,$59.00,https://www.urbanoutfitters.com/shop/standard-cloth-jason-pleated-trouser-pant2?category=mens-clothing&color=021,N/A,", , , , https://images.urbndata.com/is/image/UrbanOutfitters/88704226_021_s?fit=constrain&hei=56&qlt=75, https://images.urbndata.com/is/image/UrbanOutfitters/88704226_041_s?fit=constrain&hei=56&qlt=75, https://images.urbndata.com/is/image/UrbanOutfitters/88704226_001_s?fit=constrain&hei=56&qlt=75, https://images.urbndata.com/is/image/UrbanOutfitters/88704226_004_s?fit=constrain&hei=56&qlt=75","Chocolate: https://images.urbndata.com/is/image/UrbanOutfitters/88704226_021_s?fit=constrain&hei=56&qlt=75, Estate Blue: https://images.urbndata.com/is/image/UrbanOutfitters/88704226_041_s?fit=constrain&hei=56&qlt=75, Black: https://images.urbndata.com/is/image/UrbanOutfitters/88704226_001_s?fit=constrain&hei=56&qlt=75, Grey: https://images.urbndata.com/is/image/UrbanOutfitters/88704226_004_s?fit=constrain&hei=56&qlt=75"
Standard Cloth Shortstop Heavyweight Cotton Tee,$19.00 – $29.00,https://www.urbanoutfitters.com/shop/standard-cloth-shortstop-heavyweight-cotton-tee?category=mens-clothing&color=086,Top Rated,", , , , , https://images.urbndata.com/is/image/UrbanOutfitters/67583260_086_s?fit=constrain&hei=56&qlt=75, https://images.urbndata.com/is/image/UrbanOutfitters/67583260_047_s?fit=constrain&hei=56&qlt=75, https://images.urbndata.com/is/image/UrbanOutfitters/67583260_033_s?fit=constrain&hei=56&qlt=75, https://images.urbndata.com/is/image/UrbanOutfitters/67583260_007_s?fit=constrain&hei=56&qlt=75","Terra Cotta: https://images.urbndata.com/is/image/UrbanOutfitters/67583260_086_s?fit=constrain&hei=56&qlt=75, Pale Blue: https://images.urbndata.com/is/image/UrbanOutfitters/67583260_047_s?fit=constrain&hei=56&qlt=75, Amazon Green: https://images.urbndata.com/is/image/UrbanOutfitters/67583260_033_s?fit=constrain&hei=56&qlt=75, Silver: https://images.urbndata.com/is/image/UrbanOutfitters/67583260_007_s?fit=constrain&hei=56&qlt=75"
N/A,N/A,https://www.urbanoutfitters.com/reviews?inline1=1,N/A,https://images.ctfassets.net/q602vtcuu3w3/2ZOrITeayACHfPRjUKHPKK/1a755a2263b4fb261d074d49fbb15f33/24-MAY-WK4-REVIEWSBANNER-HM2.jpg?w=445&q=80&fm=jpg&fl=progressive,
Nike Logo Tape 7” Cargo Short,$75.00,https://www.urbanoutfitters.com/shop/nike-logo-tape-7-cargo-short?category=mens-clothing&color=023,N/A,", , , , , https://images.urbndata.com/is/image/UrbanOutfitters/87506093_023_s?fit=constrain&hei=56&qlt=75, https://images.urbndata.com/is/image/UrbanOutfitters/87506093_001_s?fit=constrain&hei=56&qlt=75","Khaki: https://images.urbndata.com/is/image/UrbanOutfitters/87506093_023_s?fit=constrain&hei=56&qlt=75, Black: https://images.urbndata.com/is/image/UrbanOutfitters/87506093_001_s?fit=constrain&hei=56&qlt=75"
Standard Cloth Foundation Tee,$29.00,https://www.urbanoutfitters.com/shop/standard-cloth-foundation-tee?category=mens-clothing&color=048,Top Rated,", , , , , https://images.urbndata.com/is/image/UrbanOutfitters/85840569_048_s?fit=constrain&hei=56&qlt=75, https://images.urbndata.com/is/image/UrbanOutfitters/85840569_000_s?fit=constrain&hei=56&qlt=75, https://images.urbndata.com/is/image/UrbanOutfitters/85840569_005_s?fit=constrain&hei=56&qlt=75, https://images.urbndata.com/is/image/UrbanOutfitters/85840569_045_s?fit=constrain&hei=56&qlt=75","Starlight Blue: https://images.urbndata.com/is/image/UrbanOutfitters/85840569_048_s?fit=constrain&hei=56&qlt=75, Coral Breton Stripe: https://images.urbndata.com/is/image/UrbanOutfitters/85840569_000_s?fit=constrain&hei=56&qlt=75, Dark Grey: https://images.urbndata.com/is/image/UrbanOutfitters/85840569_005_s?fit=constrain&hei=56&qlt=75, Sky: https://images.urbndata.com/is/image/UrbanOutfitters/85840569_045_s?fit=constrain&hei=56&qlt=75"
Standard Cloth Liam Seersucker Cropped Short Sleeve Shirt,$49.00,https://www.urbanoutfitters.com/shop/standard-cloth-liam-seersucker-cropped-short-sleeve-shirt?category=mens-clothing&color=044,N/A,", , , , https://images.urbndata.com/is/image/UrbanOutfitters/90302712_044_s?fit=constrain&hei=56&qlt=75, https://images.urbndata.com/is/image/UrbanOutfitters/90302712_001_s?fit=constrain&hei=56&qlt=75","Starlight Blue: https://images.urbndata.com/is/image/UrbanOutfitters/90302712_044_s?fit=constrain&hei=56&qlt=75, Black: https://images.urbndata.com/is/image/UrbanOutfitters/90302712_001_s?fit=constrain&hei=56&qlt=75"
"Nike UO Exclusive 3"" Logo Swim Short",$55.00,https://www.urbanoutfitters.com/shop/nike-uo-exclusive-3-logo-swim-short?category=mens-clothing&color=048,UO Exclusive,", , , , , https://images.urbndata.com/is/image/UrbanOutfitters/79713517_048_s?fit=constrain&hei=56&qlt=75, https://images.urbndata.com/is/image/UrbanOutfitters/79713517_037_s?fit=constrain&hei=56&qlt=75, https://images.urbndata.com/is/image/UrbanOutfitters/79713517_043_s?fit=constrain&hei=56&qlt=75, https://images.urbndata.com/is/image/UrbanOutfitters/79713517_011_s?fit=constrain&hei=56&qlt=75","Aquarius Blue: https://images.urbndata.com/is/image/UrbanOutfitters/79713517_048_s?fit=constrain&hei=56&qlt=75, Vapor Green: https://images.urbndata.com/is/image/UrbanOutfitters/79713517_037_s?fit=constrain&hei=56&qlt=75, Game Royal: https://images.urbndata.com/is/image/UrbanOutfitters/79713517_043_s?fit=constrain&hei=56&qlt=75, 100 White: https://images.urbndata.com/is/image/UrbanOutfitters/79713517_011_s?fit=constrain&hei=56&qlt=75"
BDG Astro Cobra Denim Jort,$79.00,https://www.urbanoutfitters.com/shop/bdg-astro-cobra-denim-jort?category=mens-clothing&color=003,N/A,", , , , , https://images.urbndata.com/is/image/UrbanOutfitters/90918301_003_s?fit=constrain&hei=56&qlt=75",Charcoal: https://images.urbndata.com/is/image/UrbanOutfitters/90918301_003_s?fit=constrain&hei=56&qlt=75
N/A,N/A,https://www.urbanoutfitters.com/mens-swim?price=0-50&inline1=1,N/A,https://images.ctfassets.net/q602vtcuu3w3/7tGDlnsTCM7XLQ3P6YLnmp/da6aff06669cce8a2ad378dbc9b71052/24-JUNE-M-SHORTS_SWIM-KI16.jpg?w=445&q=80&fm=jpg&fl=progressive,
BDG Olly Cutoff Raglan Sweatshirt,$49.00,https://www.urbanoutfitters.com/shop/bdg-olly-cutoff-raglan-sweatshirt?category=mens-clothing&color=060,N/A,", , , , , , https://images.urbndata.com/is/image/UrbanOutfitters/89051874_004_s?fit=constrain&hei=56&qlt=75, https://images.urbndata.com/is/image/UrbanOutfitters/89051874_040_s?fit=constrain&hei=56&qlt=75, https://images.urbndata.com/is/image/UrbanOutfitters/89051874_060_s?fit=constrain&hei=56&qlt=75","Grey: https://images.urbndata.com/is/image/UrbanOutfitters/89051874_004_s?fit=constrain&hei=56&qlt=75, Blue: https://images.urbndata.com/is/image/UrbanOutfitters/89051874_040_s?fit=constrain&hei=56&qlt=75, Red: https://images.urbndata.com/is/image/UrbanOutfitters/89051874_060_s?fit=constrain&hei=56&qlt=75"
Converse Chuck 70 Seasonal High Top Sneaker,$90.00,https://www.urbanoutfitters.com/shop/converse-chuck-70-seasonal-high-top-sneaker9?category=mens-clothing&color=030,N/A,", , , , https://images.urbndata.com/is/image/UrbanOutfitters/84475334_068_s?fit=constrain&hei=56&qlt=75, https://images.urbndata.com/is/image/UrbanOutfitters/84475334_011_s?fit=constrain&hei=56&qlt=75, https://images.urbndata.com/is/image/UrbanOutfitters/84475334_012_s?fit=constrain&hei=56&qlt=75, https://images.urbndata.com/is/image/UrbanOutfitters/84475334_030_s?fit=constrain&hei=56&qlt=75","Stardust Lilac: https://images.urbndata.com/is/image/UrbanOutfitters/84475334_068_s?fit=constrain&hei=56&qlt=75, Ivory: https://images.urbndata.com/is/image/UrbanOutfitters/84475334_011_s?fit=constrain&hei=56&qlt=75, Vintage Cargo + Egret: https://images.urbndata.com/is/image/UrbanOutfitters/84475334_012_s?fit=constrain&hei=56&qlt=75, Green: https://images.urbndata.com/is/image/UrbanOutfitters/84475334_030_s?fit=constrain&hei=56&qlt=75"
Dr. Martens Jorge II Atlas Clog,$150.00,https://www.urbanoutfitters.com/shop/dr-martens-jorge-ii-atlas-clog?category=mens-clothing&color=018,N/A,", , , , https://images.urbndata.com/is/image/UrbanOutfitters/85824654_018_s?fit=constrain&hei=56&qlt=75",Black + White: https://images.urbndata.com/is/image/UrbanOutfitters/85824654_018_s?fit=constrain&hei=56&qlt=75
Reef Rectangle Sunglasses,$15.00,https://www.urbanoutfitters.com/shop/reef-rectangle-sunglasses?category=mens-clothing&color=001,N/A,", , , , https://images.urbndata.com/is/image/UrbanOutfitters/89580898_001_s?fit=constrain&hei=56&qlt=75, https://images.urbndata.com/is/image/UrbanOutfitters/89580898_020_s?fit=constrain&hei=56&qlt=75, https://images.urbndata.com/is/image/UrbanOutfitters/89580898_048_s?fit=constrain&hei=56&qlt=75","Black: https://images.urbndata.com/is/image/UrbanOutfitters/89580898_001_s?fit=constrain&hei=56&qlt=75, Brown: https://images.urbndata.com/is/image/UrbanOutfitters/89580898_020_s?fit=constrain&hei=56&qlt=75, Light Blue: https://images.urbndata.com/is/image/UrbanOutfitters/89580898_048_s?fit=constrain&hei=56&qlt=75"
Standard Cloth Jason Summer Pleated Trouser Pant,$59.00,https://www.urbanoutfitters.com/shop/standard-cloth-jason-summer-pleated-trouser-pant?category=mens-clothing&color=023,N/A,", , , , , https://images.urbndata.com/is/image/UrbanOutfitters/90337551_040_s?fit=constrain&hei=56&qlt=75, https://images.urbndata.com/is/image/UrbanOutfitters/90337551_023_s?fit=constrain&hei=56&qlt=75","Blue: https://images.urbndata.com/is/image/UrbanOutfitters/90337551_040_s?fit=constrain&hei=56&qlt=75, Taupe: https://images.urbndata.com/is/image/UrbanOutfitters/90337551_023_s?fit=constrain&hei=56&qlt=75"
N/A,N/A,https://www.urbanoutfitters.com/uo-pride-collection?inline1=1,N/A,https://images.ctfassets.net/q602vtcuu3w3/314YQFHdaYNcvNZPzAIfih/0353fc7fd5e37b644d09494fc3a4e38c/23_JUN_WK5_PRIDE-INLINE-BANNERS-EN-PEAU-DE-LOUP.jpg?w=445&q=80&fm=jpg&fl=progressive,
Standard Cloth Striped Resort Pant,$49.00,https://www.urbanoutfitters.com/shop/standard-cloth-striped-resort-pant?category=mens-clothing&color=040,N/A,", , , , https://images.urbndata.com/is/image/UrbanOutfitters/90368812_040_s?fit=constrain&hei=56&qlt=75, https://images.urbndata.com/is/image/UrbanOutfitters/90368812_073_s?fit=constrain&hei=56&qlt=75, https://images.urbndata.com/is/image/UrbanOutfitters/90368812_038_s?fit=constrain&hei=56&qlt=75","Blue Stripe: https://images.urbndata.com/is/image/UrbanOutfitters/90368812_040_s?fit=constrain&hei=56&qlt=75, Yellow Stripe: https://images.urbndata.com/is/image/UrbanOutfitters/90368812_073_s?fit=constrain&hei=56&qlt=75, Green Stripe: https://images.urbndata.com/is/image/UrbanOutfitters/90368812_038_s?fit=constrain&hei=56&qlt=75"
UO Baggy Side-Stripe Track Pant,$69.00,https://www.urbanoutfitters.com/shop/uo-baggy-side-stripe-track-pant?category=mens-clothing&color=041,N/A,", , , , , https://images.urbndata.com/is/image/UrbanOutfitters/88987359_016_s?fit=constrain&hei=56&qlt=75, https://images.urbndata.com/is/image/UrbanOutfitters/88987359_041_s?fit=constrain&hei=56&qlt=75","Tan: https://images.urbndata.com/is/image/UrbanOutfitters/88987359_016_s?fit=constrain&hei=56&qlt=75, Navy: https://images.urbndata.com/is/image/UrbanOutfitters/88987359_041_s?fit=constrain&hei=56&qlt=75"
WWE UO Exclusive Hulk Hogan Muscle Tee,$39.00,https://www.urbanoutfitters.com/shop/wwe-uo-exclusive-hulk-hogan-muscle-tee?category=mens-clothing&color=001,UO Exclusive,", , , , , https://images.urbndata.com/is/image/UrbanOutfitters/90866070_001_s?fit=constrain&hei=56&qlt=75",Black: https://images.urbndata.com/is/image/UrbanOutfitters/90866070_001_s?fit=constrain&hei=56&qlt=75
BDG Denim Carpenter Short,$59.00,https://www.urbanoutfitters.com/shop/bdg-denim-carpenter-short3?category=mens-clothing&color=106,Top Rated,", , , , , https://images.urbndata.com/is/image/UrbanOutfitters/89848501_106_s?fit=constrain&hei=56&qlt=75, https://images.urbndata.com/is/image/UrbanOutfitters/89848501_107_s?fit=constrain&hei=56&qlt=75, https://images.urbndata.com/is/image/UrbanOutfitters/89848501_002_s?fit=constrain&hei=56&qlt=75","Cabin Wash: https://images.urbndata.com/is/image/UrbanOutfitters/89848501_106_s?fit=constrain&hei=56&qlt=75, Vintage Denim Medium: https://images.urbndata.com/is/image/UrbanOutfitters/89848501_107_s?fit=constrain&hei=56&qlt=75, Washed Black: https://images.urbndata.com/is/image/UrbanOutfitters/89848501_002_s?fit=constrain&hei=56&qlt=75"
Birkenstock Boston Soft Footbed Clog,$160.00,https://www.urbanoutfitters.com/shop/birkenstock-boston-soft-footbed-clog2?category=mens-clothing&color=001,N/A,", , , , , , https://images.urbndata.com/is/image/UrbanOutfitters/58863135_001_s?fit=constrain&hei=56&qlt=75",Black: https://images.urbndata.com/is/image/UrbanOutfitters/58863135_001_s?fit=constrain&hei=56&qlt=75
BDG Astro Baggy Denim Jort,$69.00,https://www.urbanoutfitters.com/shop/bdg-astro-baggy-denim-jort?category=mens-clothing&color=035,N/A,", , , , https://images.urbndata.com/is/image/UrbanOutfitters/87845616_035_s?fit=constrain&hei=56&qlt=75, https://images.urbndata.com/is/image/UrbanOutfitters/87845616_106_s?fit=constrain&hei=56&qlt=75, https://images.urbndata.com/is/image/UrbanOutfitters/87845616_061_s?fit=constrain&hei=56&qlt=75, https://images.urbndata.com/is/image/UrbanOutfitters/87845616_037_s?fit=constrain&hei=56&qlt=75","Aqua Wash Storm: https://images.urbndata.com/is/image/UrbanOutfitters/87845616_035_s?fit=constrain&hei=56&qlt=75, Fresca: https://images.urbndata.com/is/image/UrbanOutfitters/87845616_106_s?fit=constrain&hei=56&qlt=75, Vampiro: https://images.urbndata.com/is/image/UrbanOutfitters/87845616_061_s?fit=constrain&hei=56&qlt=75, Dark Green: https://images.urbndata.com/is/image/UrbanOutfitters/87845616_037_s?fit=constrain&hei=56&qlt=75"
iets frans... Soccer Ringer Baby Tee,$36.00,https://www.urbanoutfitters.com/shop/iets-frans-soccer-ringer-baby-tee?category=mens-clothing&color=060,Top Rated,", , , , , https://images.urbndata.com/is/image/UrbanOutfitters/88702147_060_s?fit=constrain&hei=56&qlt=75, https://images.urbndata.com/is/image/UrbanOutfitters/88702147_072_s?fit=constrain&hei=56&qlt=75, https://images.urbndata.com/is/image/UrbanOutfitters/88702147_010_s?fit=constrain&hei=56&qlt=75, https://images.urbndata.com/is/image/UrbanOutfitters/88702147_040_s?fit=constrain&hei=56&qlt=75","Red: https://images.urbndata.com/is/image/UrbanOutfitters/88702147_060_s?fit=constrain&hei=56&qlt=75, Yellow: https://images.urbndata.com/is/image/UrbanOutfitters/88702147_072_s?fit=constrain&hei=56&qlt=75, White: https://images.urbndata.com/is/image/UrbanOutfitters/88702147_010_s?fit=constrain&hei=56&qlt=75, Blue: https://images.urbndata.com/is/image/UrbanOutfitters/88702147_040_s?fit=constrain&hei=56&qlt=75"
Katin Ward Short,$63.00,https://www.urbanoutfitters.com/shop/katin-ward-short?category=mens-clothing&color=002,N/A,", , , , , https://images.urbndata.com/is/image/UrbanOutfitters/88718432_002_s?fit=constrain&hei=56&qlt=75, https://images.urbndata.com/is/image/UrbanOutfitters/88718432_045_s?fit=constrain&hei=56&qlt=75, https://images.urbndata.com/is/image/UrbanOutfitters/88718432_020_s?fit=constrain&hei=56&qlt=75, https://images.urbndata.com/is/image/UrbanOutfitters/88718432_066_s?fit=constrain&hei=56&qlt=75","Washed Black: https://images.urbndata.com/is/image/UrbanOutfitters/88718432_002_s?fit=constrain&hei=56&qlt=75, Bay Blue: https://images.urbndata.com/is/image/UrbanOutfitters/88718432_045_s?fit=constrain&hei=56&qlt=75, Coffee: https://images.urbndata.com/is/image/UrbanOutfitters/88718432_020_s?fit=constrain&hei=56&qlt=75, Blush Wash: https://images.urbndata.com/is/image/UrbanOutfitters/88718432_066_s?fit=constrain&hei=56&qlt=75"
Champion UO Exclusive Heritage Jersey Tank Top,$35.00,https://www.urbanoutfitters.com/shop/champion-uo-exclusive-heritage-jersey-tank-top?category=mens-clothing&color=053,UO Exclusive,", , , , https://images.urbndata.com/is/image/UrbanOutfitters/81419525_053_s?fit=constrain&hei=56&qlt=75, https://images.urbndata.com/is/image/UrbanOutfitters/81419525_045_s?fit=constrain&hei=56&qlt=75, https://images.urbndata.com/is/image/UrbanOutfitters/81419525_016_s?fit=constrain&hei=56&qlt=75, https://images.urbndata.com/is/image/UrbanOutfitters/81419525_020_s?fit=constrain&hei=56&qlt=75","Lavender: https://images.urbndata.com/is/image/UrbanOutfitters/81419525_053_s?fit=constrain&hei=56&qlt=75, Sky: https://images.urbndata.com/is/image/UrbanOutfitters/81419525_045_s?fit=constrain&hei=56&qlt=75, Tan: https://images.urbndata.com/is/image/UrbanOutfitters/81419525_016_s?fit=constrain&hei=56&qlt=75, Brown: https://images.urbndata.com/is/image/UrbanOutfitters/81419525_020_s?fit=constrain&hei=56&qlt=75"
New Balance 530 Sneaker,$100.00,https://www.urbanoutfitters.com/shop/new-balance-530-sneaker2?category=mens-clothing&color=017,Top Rated,", , , , https://images.urbndata.com/is/image/UrbanOutfitters/78785425_017_s?fit=constrain&hei=56&qlt=75, https://images.urbndata.com/is/image/UrbanOutfitters/78785425_012_s?fit=constrain&hei=56&qlt=75, https://images.urbndata.com/is/image/UrbanOutfitters/78785425_004_s?fit=constrain&hei=56&qlt=75","Pearl: https://images.urbndata.com/is/image/UrbanOutfitters/78785425_017_s?fit=constrain&hei=56&qlt=75, Cream: https://images.urbndata.com/is/image/UrbanOutfitters/78785425_012_s?fit=constrain&hei=56&qlt=75, Grey: https://images.urbndata.com/is/image/UrbanOutfitters/78785425_004_s?fit=constrain&hei=56&qlt=75"
Peau De Loup X Tegan And Sara Foundation UO Exclusive Spliced Striped Tee,$59.00,https://www.urbanoutfitters.com/shop/peau-de-loup-x-tegan-and-sara-foundation-uo-exclusive-spliced-striped-tee?category=mens-clothing&color=095,UO Exclusive,", , , , , https://images.urbndata.com/is/image/UrbanOutfitters/90670225_095_s?fit=constrain&hei=56&qlt=75",Multi: https://images.urbndata.com/is/image/UrbanOutfitters/90670225_095_s?fit=constrain&hei=56&qlt=75
Katin UO Exclusive Cutoff Trail Short,$59.00,https://www.urbanoutfitters.com/shop/katin-uo-exclusive-cutoff-trail-short?category=mens-clothing&color=021,UO Exclusive,", , , , , https://images.urbndata.com/is/image/UrbanOutfitters/88672415_021_s?fit=constrain&hei=56&qlt=75, https://images.urbndata.com/is/image/UrbanOutfitters/88672415_036_s?fit=constrain&hei=56&qlt=75, https://images.urbndata.com/is/image/UrbanOutfitters/88672415_072_s?fit=constrain&hei=56&qlt=75, https://images.urbndata.com/is/image/UrbanOutfitters/88672415_011_s?fit=constrain&hei=56&qlt=75","Chocolate: https://images.urbndata.com/is/image/UrbanOutfitters/88672415_021_s?fit=constrain&hei=56&qlt=75, Olive: https://images.urbndata.com/is/image/UrbanOutfitters/88672415_036_s?fit=constrain&hei=56&qlt=75, Sun Yellow Wash: https://images.urbndata.com/is/image/UrbanOutfitters/88672415_072_s?fit=constrain&hei=56&qlt=75, Birch: https://images.urbndata.com/is/image/UrbanOutfitters/88672415_011_s?fit=constrain&hei=56&qlt=75"
BDG 2000s Mega Baggy Jean,$89.00,https://www.urbanoutfitters.com/shop/bdg-2000s-mega-baggy-jean?category=mens-clothing&color=093,Top Rated,", , , , https://images.urbndata.com/is/image/UrbanOutfitters/82419599_093_s?fit=constrain&hei=56&qlt=75, https://images.urbndata.com/is/image/UrbanOutfitters/82419599_069_s?fit=constrain&hei=56&qlt=75, https://images.urbndata.com/is/image/UrbanOutfitters/82419599_002_s?fit=constrain&hei=56&qlt=75, https://images.urbndata.com/is/image/UrbanOutfitters/82419599_107_s?fit=constrain&hei=56&qlt=75","Tinted Denim: https://images.urbndata.com/is/image/UrbanOutfitters/82419599_093_s?fit=constrain&hei=56&qlt=75, Red Multi: https://images.urbndata.com/is/image/UrbanOutfitters/82419599_069_s?fit=constrain&hei=56&qlt=75, Washed Black: https://images.urbndata.com/is/image/UrbanOutfitters/82419599_002_s?fit=constrain&hei=56&qlt=75, Vintage Denim Medium: https://images.urbndata.com/is/image/UrbanOutfitters/82419599_107_s?fit=constrain&hei=56&qlt=75"
Champion UO Exclusive Mesh Cropped Tee,$40.00,https://www.urbanoutfitters.com/shop/champion-uo-exclusive-mesh-cropped-tee?category=mens-clothing&color=020,UO Exclusive,", , , , https://images.urbndata.com/is/image/UrbanOutfitters/86678554_020_s?fit=constrain&hei=56&qlt=75, https://images.urbndata.com/is/image/UrbanOutfitters/86678554_066_s?fit=constrain&hei=56&qlt=75, https://images.urbndata.com/is/image/UrbanOutfitters/86678554_001_s?fit=constrain&hei=56&qlt=75","Brown: https://images.urbndata.com/is/image/UrbanOutfitters/86678554_020_s?fit=constrain&hei=56&qlt=75, N/A: N/A, Pink: https://images.urbndata.com/is/image/UrbanOutfitters/86678554_066_s?fit=constrain&hei=56&qlt=75, Black: https://images.urbndata.com/is/image/UrbanOutfitters/86678554_001_s?fit=constrain&hei=56&qlt=75"
Peau De Loup X Tegan And Sara Foundation UO Exclusive Ringer Graphic Tee,$59.00,https://www.urbanoutfitters.com/shop/peau-de-loup-x-tegan-and-sara-foundation-uo-exclusive-ringer-graphic-tee?category=mens-clothing&color=010,UO Exclusive,", , , , https://images.urbndata.com/is/image/UrbanOutfitters/90669912_010_s?fit=constrain&hei=56&qlt=75",White: https://images.urbndata.com/is/image/UrbanOutfitters/90669912_010_s?fit=constrain&hei=56&qlt=75
Pro Standard UO Exclusive New York Yankees Tee,$39.00,https://www.urbanoutfitters.com/shop/pro-standard-uo-exclusive-new-york-yankees-tee?category=mens-clothing&color=011,UO Exclusive,", , , https://images.urbndata.com/is/image/UrbanOutfitters/90148073_011_s?fit=constrain&hei=56&qlt=75",Ivory: https://images.urbndata.com/is/image/UrbanOutfitters/90148073_011_s?fit=constrain&hei=56&qlt=75
Death Row Records Doberman Tee,$40.00,https://www.urbanoutfitters.com/shop/death-row-records-doberman-tee?category=mens-clothing&color=050,N/A,", , , , https://images.urbndata.com/is/image/UrbanOutfitters/80603350_050_s?fit=constrain&hei=56&qlt=75, https://images.urbndata.com/is/image/UrbanOutfitters/80603350_001_s?fit=constrain&hei=56&qlt=75, https://images.urbndata.com/is/image/UrbanOutfitters/80603350_010_s?fit=constrain&hei=56&qlt=75","Purple: https://images.urbndata.com/is/image/UrbanOutfitters/80603350_050_s?fit=constrain&hei=56&qlt=75, Black: https://images.urbndata.com/is/image/UrbanOutfitters/80603350_001_s?fit=constrain&hei=56&qlt=75, White: https://images.urbndata.com/is/image/UrbanOutfitters/80603350_010_s?fit=constrain&hei=56&qlt=75"
Champion UO Exclusive Woven Taslan 3” Short,$50.00,https://www.urbanoutfitters.com/shop/champion-uo-exclusive-woven-taslan-3-short?category=mens-clothing&color=045,UO Exclusive,", , , , , https://images.urbndata.com/is/image/UrbanOutfitters/86697604_045_s?fit=constrain&hei=56&qlt=75, https://images.urbndata.com/is/image/UrbanOutfitters/86697604_053_s?fit=constrain&hei=56&qlt=75, https://images.urbndata.com/is/image/UrbanOutfitters/86697604_016_s?fit=constrain&hei=56&qlt=75, https://images.urbndata.com/is/image/UrbanOutfitters/86697604_001_s?fit=constrain&hei=56&qlt=75","Sky: https://images.urbndata.com/is/image/UrbanOutfitters/86697604_045_s?fit=constrain&hei=56&qlt=75, Lavender: https://images.urbndata.com/is/image/UrbanOutfitters/86697604_053_s?fit=constrain&hei=56&qlt=75, Tan: https://images.urbndata.com/is/image/UrbanOutfitters/86697604_016_s?fit=constrain&hei=56&qlt=75, Black: https://images.urbndata.com/is/image/UrbanOutfitters/86697604_001_s?fit=constrain&hei=56&qlt=75"
Peau De Loup X Tegan And Sara Foundation UO Exclusive Railroad Striped Carpenter Pant,$139.00,https://www.urbanoutfitters.com/shop/peau-de-loup-x-tegan-and-sara-foundation-uo-exclusive-railroad-striped-carpenter-pant?category=mens-clothing&color=049,UO Exclusive,", , , , , https://images.urbndata.com/is/image/UrbanOutfitters/90671926_049_s?fit=constrain&hei=56&qlt=75",Blue Multi: https://images.urbndata.com/is/image/UrbanOutfitters/90671926_049_s?fit=constrain&hei=56&qlt=75
BDG Slacker Relaxed Fit Jean,$79.00,https://www.urbanoutfitters.com/shop/bdg-slacker-relaxed-fit-jean3?category=mens-clothing&color=021,N/A,", , , , https://images.urbndata.com/is/image/UrbanOutfitters/86219003_021_s?fit=constrain&hei=56&qlt=75, https://images.urbndata.com/is/image/UrbanOutfitters/86219003_107_s?fit=constrain&hei=56&qlt=75, https://images.urbndata.com/is/image/UrbanOutfitters/86219003_092_s?fit=constrain&hei=56&qlt=75, https://images.urbndata.com/is/image/UrbanOutfitters/86219003_004_s?fit=constrain&hei=56&qlt=75","Columbia: https://images.urbndata.com/is/image/UrbanOutfitters/86219003_021_s?fit=constrain&hei=56&qlt=75, Vintage Denim Medium: https://images.urbndata.com/is/image/UrbanOutfitters/86219003_107_s?fit=constrain&hei=56&qlt=75, Light Blue: https://images.urbndata.com/is/image/UrbanOutfitters/86219003_092_s?fit=constrain&hei=56&qlt=75, Grey: https://images.urbndata.com/is/image/UrbanOutfitters/86219003_004_s?fit=constrain&hei=56&qlt=75"
New Balance 9060 Sneaker,$150.00,https://www.urbanoutfitters.com/shop/new-balance-9060-sneaker3?category=mens-clothing&color=017,Top Rated,", , , , , https://images.urbndata.com/is/image/UrbanOutfitters/82352303_017_s?fit=constrain&hei=56&qlt=75, https://images.urbndata.com/is/image/UrbanOutfitters/82352303_044_s?fit=constrain&hei=56&qlt=75, https://images.urbndata.com/is/image/UrbanOutfitters/82352303_011_s?fit=constrain&hei=56&qlt=75, https://images.urbndata.com/is/image/UrbanOutfitters/82352303_005_s?fit=constrain&hei=56&qlt=75","Pearl: https://images.urbndata.com/is/image/UrbanOutfitters/82352303_017_s?fit=constrain&hei=56&qlt=75, Slate: https://images.urbndata.com/is/image/UrbanOutfitters/82352303_044_s?fit=constrain&hei=56&qlt=75, Ivory: https://images.urbndata.com/is/image/UrbanOutfitters/82352303_011_s?fit=constrain&hei=56&qlt=75, Dark Grey: https://images.urbndata.com/is/image/UrbanOutfitters/82352303_005_s?fit=constrain&hei=56&qlt=75"
"Standard Cloth Ryder 5"" Nylon Short",$39.00,https://www.urbanoutfitters.com/shop/standard-cloth-ryder-5-nylon-short?category=mens-clothing&color=066,Top Rated,", , , , , https://images.urbndata.com/is/image/UrbanOutfitters/88413711_066_s?fit=constrain&hei=56&qlt=75, https://images.urbndata.com/is/image/UrbanOutfitters/88413711_010_s?fit=constrain&hei=56&qlt=75, https://images.urbndata.com/is/image/UrbanOutfitters/88413711_001_s?fit=constrain&hei=56&qlt=75, https://images.urbndata.com/is/image/UrbanOutfitters/88413711_030_s?fit=constrain&hei=56&qlt=75","Pink: https://images.urbndata.com/is/image/UrbanOutfitters/88413711_066_s?fit=constrain&hei=56&qlt=75, White: https://images.urbndata.com/is/image/UrbanOutfitters/88413711_010_s?fit=constrain&hei=56&qlt=75, Black: https://images.urbndata.com/is/image/UrbanOutfitters/88413711_001_s?fit=constrain&hei=56&qlt=75, Green: https://images.urbndata.com/is/image/UrbanOutfitters/88413711_030_s?fit=constrain&hei=56&qlt=75"
BDG Baggy Skate Fit Jean,$59.00,https://www.urbanoutfitters.com/shop/bdg-baggy-skate-fit-jean3?category=mens-clothing&color=093,N/A,", , , , , https://images.urbndata.com/is/image/UrbanOutfitters/68403393_093_s?fit=constrain&hei=56&qlt=75, https://images.urbndata.com/is/image/UrbanOutfitters/68403393_004_s?fit=constrain&hei=56&qlt=75, https://images.urbndata.com/is/image/UrbanOutfitters/68403393_003_s?fit=constrain&hei=56&qlt=75, https://images.urbndata.com/is/image/UrbanOutfitters/68403393_091_s?fit=constrain&hei=56&qlt=75","Deep Blue: https://images.urbndata.com/is/image/UrbanOutfitters/68403393_093_s?fit=constrain&hei=56&qlt=75, Grey: https://images.urbndata.com/is/image/UrbanOutfitters/68403393_004_s?fit=constrain&hei=56&qlt=75, Charcoal: https://images.urbndata.com/is/image/UrbanOutfitters/68403393_003_s?fit=constrain&hei=56&qlt=75, Indigo: https://images.urbndata.com/is/image/UrbanOutfitters/68403393_091_s?fit=constrain&hei=56&qlt=75"
Peau De Loup X Tegan And Sara Foundation UO Exclusive Oxford Striped Button-Down Shirt,$79.00,https://www.urbanoutfitters.com/shop/peau-de-loup-x-tegan-and-sara-foundation-uo-exclusive-oxford-striped-button-down-shirt?category=mens-clothing&color=049,UO Exclusive,", , , , , https://images.urbndata.com/is/image/UrbanOutfitters/90670811_049_s?fit=constrain&hei=56&qlt=75",Blue Multi: https://images.urbndata.com/is/image/UrbanOutfitters/90670811_049_s?fit=constrain&hei=56&qlt=75
Budweiser King Of Beers Tee,$39.00,https://www.urbanoutfitters.com/shop/budweiser-king-of-beers-tee3?category=mens-clothing&color=003,N/A,", , , https://images.urbndata.com/is/image/UrbanOutfitters/89806079_003_s?fit=constrain&hei=56&qlt=75, https://images.urbndata.com/is/image/UrbanOutfitters/89806079_011_s?fit=constrain&hei=56&qlt=75","Charcoal: https://images.urbndata.com/is/image/UrbanOutfitters/89806079_003_s?fit=constrain&hei=56&qlt=75, Ivory: https://images.urbndata.com/is/image/UrbanOutfitters/89806079_011_s?fit=constrain&hei=56&qlt=75"
BDG Bonfire Straight Leg Sweatpant,$55.00,https://www.urbanoutfitters.com/shop/bdg-bonfire-straight-leg-sweatpant?category=mens-clothing&color=030,N/A,", , , , https://images.urbndata.com/is/image/UrbanOutfitters/87096202_030_s?fit=constrain&hei=56&qlt=75, https://images.urbndata.com/is/image/UrbanOutfitters/87096202_021_s?fit=constrain&hei=56&qlt=75, https://images.urbndata.com/is/image/UrbanOutfitters/87096202_004_s?fit=constrain&hei=56&qlt=75, https://images.urbndata.com/is/image/UrbanOutfitters/87096202_066_s?fit=constrain&hei=56&qlt=75","Green: https://images.urbndata.com/is/image/UrbanOutfitters/87096202_030_s?fit=constrain&hei=56&qlt=75, Dachshund: https://images.urbndata.com/is/image/UrbanOutfitters/87096202_021_s?fit=constrain&hei=56&qlt=75, Moonstruck: https://images.urbndata.com/is/image/UrbanOutfitters/87096202_004_s?fit=constrain&hei=56&qlt=75, Pink Dogwood: https://images.urbndata.com/is/image/UrbanOutfitters/87096202_066_s?fit=constrain&hei=56&qlt=75"
Basquiat 26 Tee,$35.00,https://www.urbanoutfitters.com/shop/basquiat-26-tee?category=mens-clothing&color=001,N/A,", , , https://images.urbndata.com/is/image/UrbanOutfitters/92028661_001_s?fit=constrain&hei=56&qlt=75",Black: https://images.urbndata.com/is/image/UrbanOutfitters/92028661_001_s?fit=constrain&hei=56&qlt=75
BDG Game Day Cutoff Tee,$39.00,https://www.urbanoutfitters.com/shop/bdg-game-day-cutoff-tee?category=mens-clothing&color=010,Top Rated,", , , , , https://images.urbndata.com/is/image/UrbanOutfitters/86442019_010_s?fit=constrain&hei=56&qlt=75, https://images.urbndata.com/is/image/UrbanOutfitters/86442019_001_s?fit=constrain&hei=56&qlt=75","White: https://images.urbndata.com/is/image/UrbanOutfitters/86442019_010_s?fit=constrain&hei=56&qlt=75, Black: https://images.urbndata.com/is/image/UrbanOutfitters/86442019_001_s?fit=constrain&hei=56&qlt=75"
iets frans… Wide Leg Paneled Jogger Pant,$65.00,https://www.urbanoutfitters.com/shop/iets-frans-wide-leg-paneled-jogger-pant?category=mens-clothing&color=060,Top Rated,", , , , , https://images.urbndata.com/is/image/UrbanOutfitters/88450341_060_s?fit=constrain&hei=56&qlt=75, https://images.urbndata.com/is/image/UrbanOutfitters/88450341_030_s?fit=constrain&hei=56&qlt=75, https://images.urbndata.com/is/image/UrbanOutfitters/88450341_004_s?fit=constrain&hei=56&qlt=75","Red: https://images.urbndata.com/is/image/UrbanOutfitters/88450341_060_s?fit=constrain&hei=56&qlt=75, Green: https://images.urbndata.com/is/image/UrbanOutfitters/88450341_030_s?fit=constrain&hei=56&qlt=75, Grey: https://images.urbndata.com/is/image/UrbanOutfitters/88450341_004_s?fit=constrain&hei=56&qlt=75"
Standard Cloth Boxy Plisse Tank Top,$39.00,https://www.urbanoutfitters.com/shop/standard-cloth-boxy-plisse-tank-top?category=mens-clothing&color=001,N/A,", , , https://images.urbndata.com/is/image/UrbanOutfitters/89870406_001_s?fit=constrain&hei=56&qlt=75, https://images.urbndata.com/is/image/UrbanOutfitters/89870406_016_s?fit=constrain&hei=56&qlt=75","Black: https://images.urbndata.com/is/image/UrbanOutfitters/89870406_001_s?fit=constrain&hei=56&qlt=75, Tan: https://images.urbndata.com/is/image/UrbanOutfitters/89870406_016_s?fit=constrain&hei=56&qlt=75"
BDG Bonfire Cropped Full Zip Hoodie Sweatshirt,$59.00,https://www.urbanoutfitters.com/shop/bdg-bonfire-cropped-full-zip-hoodie-sweatshirt2?category=mens-clothing&color=060,N/A,", , , , https://images.urbndata.com/is/image/UrbanOutfitters/90061540_060_s?fit=constrain&hei=56&qlt=75, https://images.urbndata.com/is/image/UrbanOutfitters/90061540_001_s?fit=constrain&hei=56&qlt=75, https://images.urbndata.com/is/image/UrbanOutfitters/90061540_070_s?fit=constrain&hei=56&qlt=75, https://images.urbndata.com/is/image/UrbanOutfitters/90061540_044_s?fit=constrain&hei=56&qlt=75","Red: https://images.urbndata.com/is/image/UrbanOutfitters/90061540_060_s?fit=constrain&hei=56&qlt=75, Black: https://images.urbndata.com/is/image/UrbanOutfitters/90061540_001_s?fit=constrain&hei=56&qlt=75, Bright Gold: https://images.urbndata.com/is/image/UrbanOutfitters/90061540_070_s?fit=constrain&hei=56&qlt=75, Blue Fusion: https://images.urbndata.com/is/image/UrbanOutfitters/90061540_044_s?fit=constrain&hei=56&qlt=75"
BDG Straight Fit Utility Work Pant,$69.00,https://www.urbanoutfitters.com/shop/bdg-straight-fit-utility-work-pant?category=mens-clothing&color=043,N/A,", , , , , https://images.urbndata.com/is/image/UrbanOutfitters/81479263_043_s?fit=constrain&hei=56&qlt=75, https://images.urbndata.com/is/image/UrbanOutfitters/81479263_053_s?fit=constrain&hei=56&qlt=75, https://images.urbndata.com/is/image/UrbanOutfitters/81479263_006_s?fit=constrain&hei=56&qlt=75, https://images.urbndata.com/is/image/UrbanOutfitters/81479263_009_s?fit=constrain&hei=56&qlt=75","Mystique: https://images.urbndata.com/is/image/UrbanOutfitters/81479263_043_s?fit=constrain&hei=56&qlt=75, Purple Hope: https://images.urbndata.com/is/image/UrbanOutfitters/81479263_053_s?fit=constrain&hei=56&qlt=75, Light Grey: https://images.urbndata.com/is/image/UrbanOutfitters/81479263_006_s?fit=constrain&hei=56&qlt=75, Black + White Stripe: https://images.urbndata.com/is/image/UrbanOutfitters/81479263_009_s?fit=constrain&hei=56&qlt=75"
Champion UO Exclusive Woven Taslan 6” Short,$50.00,https://www.urbanoutfitters.com/shop/champion-uo-exclusive-woven-taslan-6-short?category=mens-clothing&color=020,UO Exclusive,", , , , , https://images.urbndata.com/is/image/UrbanOutfitters/86736444_020_s?fit=constrain&hei=56&qlt=75, https://images.urbndata.com/is/image/UrbanOutfitters/86736444_001_s?fit=constrain&hei=56&qlt=75, https://images.urbndata.com/is/image/UrbanOutfitters/86736444_010_s?fit=constrain&hei=56&qlt=75","Brown: https://images.urbndata.com/is/image/UrbanOutfitters/86736444_020_s?fit=constrain&hei=56&qlt=75, Black: https://images.urbndata.com/is/image/UrbanOutfitters/86736444_001_s?fit=constrain&hei=56&qlt=75, White: https://images.urbndata.com/is/image/UrbanOutfitters/86736444_010_s?fit=constrain&hei=56&qlt=75"
BDG Bonfire Astro Short,$49.00,https://www.urbanoutfitters.com/shop/bdg-bonfire-astro-short?category=mens-clothing&color=002,N/A,", , , , , https://images.urbndata.com/is/image/UrbanOutfitters/90980590_002_s?fit=constrain&hei=56&qlt=75, https://images.urbndata.com/is/image/UrbanOutfitters/90980590_006_s?fit=constrain&hei=56&qlt=75, https://images.urbndata.com/is/image/UrbanOutfitters/90980590_021_s?fit=constrain&hei=56&qlt=75, https://images.urbndata.com/is/image/UrbanOutfitters/90980590_036_s?fit=constrain&hei=56&qlt=75","Phantom: https://images.urbndata.com/is/image/UrbanOutfitters/90980590_002_s?fit=constrain&hei=56&qlt=75, Mid Heather Grey: https://images.urbndata.com/is/image/UrbanOutfitters/90980590_006_s?fit=constrain&hei=56&qlt=75, Chocolate Brown: https://images.urbndata.com/is/image/UrbanOutfitters/90980590_021_s?fit=constrain&hei=56&qlt=75, Aloe Wash: https://images.urbndata.com/is/image/UrbanOutfitters/90980590_036_s?fit=constrain&hei=56&qlt=75"
BDG Baggy Skate Fit Cargo Jean,$89.00,https://www.urbanoutfitters.com/shop/bdg-baggy-skate-fit-cargo-jean?category=mens-clothing&color=001,N/A,", , , , https://images.urbndata.com/is/image/UrbanOutfitters/83388579_001_s?fit=constrain&hei=56&qlt=75, https://images.urbndata.com/is/image/UrbanOutfitters/83388579_106_s?fit=constrain&hei=56&qlt=75","Black: https://images.urbndata.com/is/image/UrbanOutfitters/83388579_001_s?fit=constrain&hei=56&qlt=75, Vintage Denim LIght: https://images.urbndata.com/is/image/UrbanOutfitters/83388579_106_s?fit=constrain&hei=56&qlt=75"
Modelo Cheers Tee,$35.00,https://www.urbanoutfitters.com/shop/modelo-cheers-tee?category=mens-clothing&color=030,N/A,", , , , https://images.urbndata.com/is/image/UrbanOutfitters/91062802_030_s?fit=constrain&hei=56&qlt=75",Sage: https://images.urbndata.com/is/image/UrbanOutfitters/91062802_030_s?fit=constrain&hei=56&qlt=75
'47 NY Yankees Hitch Relaxed Fit Baseball Hat,$35.00 – $39.00,https://www.urbanoutfitters.com/shop/47-ny-yankees-hitch-relaxed-fit-baseball-hat?category=mens-clothing&color=012,N/A,", , https://images.urbndata.com/is/image/UrbanOutfitters/88560818_012_s?fit=constrain&hei=56&qlt=75, https://images.urbndata.com/is/image/UrbanOutfitters/88560818_041_s?fit=constrain&hei=56&qlt=75","Cream: https://images.urbndata.com/is/image/UrbanOutfitters/88560818_012_s?fit=constrain&hei=56&qlt=75, Navy: https://images.urbndata.com/is/image/UrbanOutfitters/88560818_041_s?fit=constrain&hei=56&qlt=75"
UO Shrunken Rib Tank Top,$19.00,https://www.urbanoutfitters.com/shop/uo-shrunken-rib-tank-top?category=mens-clothing&color=030,N/A,", , , , https://images.urbndata.com/is/image/UrbanOutfitters/90246893_030_s?fit=constrain&hei=56&qlt=75, https://images.urbndata.com/is/image/UrbanOutfitters/90246893_050_s?fit=constrain&hei=56&qlt=75, https://images.urbndata.com/is/image/UrbanOutfitters/90246893_001_s?fit=constrain&hei=56&qlt=75, https://images.urbndata.com/is/image/UrbanOutfitters/90246893_010_s?fit=constrain&hei=56&qlt=75","Stone Green: https://images.urbndata.com/is/image/UrbanOutfitters/90246893_030_s?fit=constrain&hei=56&qlt=75, Purple Potion: https://images.urbndata.com/is/image/UrbanOutfitters/90246893_050_s?fit=constrain&hei=56&qlt=75, Black: https://images.urbndata.com/is/image/UrbanOutfitters/90246893_001_s?fit=constrain&hei=56&qlt=75, White: https://images.urbndata.com/is/image/UrbanOutfitters/90246893_010_s?fit=constrain&hei=56&qlt=75"
Urban Renewal Remade Boxy Cropped Raw Cut Tee,$45.00,https://www.urbanoutfitters.com/shop/urban-renewal-remade-boxy-cropped-raw-cut-tee?category=mens-clothing&color=066,N/A,", , , , https://images.urbndata.com/is/image/UrbanOutfitters/88927215_066_s?fit=constrain&hei=56&qlt=75, https://images.urbndata.com/is/image/UrbanOutfitters/88927215_032_s?fit=constrain&hei=56&qlt=75, https://images.urbndata.com/is/image/UrbanOutfitters/88927215_001_s?fit=constrain&hei=56&qlt=75","Barely Pink: https://images.urbndata.com/is/image/UrbanOutfitters/88927215_066_s?fit=constrain&hei=56&qlt=75, Dynasty Green: https://images.urbndata.com/is/image/UrbanOutfitters/88927215_032_s?fit=constrain&hei=56&qlt=75, Black: https://images.urbndata.com/is/image/UrbanOutfitters/88927215_001_s?fit=constrain&hei=56&qlt=75"
Levi’s® 550 Relaxed Fit Jean,$70.00,https://www.urbanoutfitters.com/shop/levis-550-relaxed-fit-jean2?category=mens-clothing&color=108,N/A,", , , , , https://images.urbndata.com/is/image/UrbanOutfitters/82963307_108_s?fit=constrain&hei=56&qlt=75, https://images.urbndata.com/is/image/UrbanOutfitters/82963307_043_s?fit=constrain&hei=56&qlt=75, https://images.urbndata.com/is/image/UrbanOutfitters/82963307_002_s?fit=constrain&hei=56&qlt=75, https://images.urbndata.com/is/image/UrbanOutfitters/82963307_040_s?fit=constrain&hei=56&qlt=75","Vintage Denim Dark: https://images.urbndata.com/is/image/UrbanOutfitters/82963307_108_s?fit=constrain&hei=56&qlt=75, Sapphire: https://images.urbndata.com/is/image/UrbanOutfitters/82963307_043_s?fit=constrain&hei=56&qlt=75, Washed Black: https://images.urbndata.com/is/image/UrbanOutfitters/82963307_002_s?fit=constrain&hei=56&qlt=75, Blue: https://images.urbndata.com/is/image/UrbanOutfitters/82963307_040_s?fit=constrain&hei=56&qlt=75"
Levi's® Stay Loose Pleated Jean,$99.00,https://www.urbanoutfitters.com/shop/levis-stay-loose-pleated-jean?category=mens-clothing&color=106,N/A,", , , , , https://images.urbndata.com/is/image/UrbanOutfitters/86570827_106_s?fit=constrain&hei=56&qlt=75, https://images.urbndata.com/is/image/UrbanOutfitters/86570827_108_s?fit=constrain&hei=56&qlt=75","Vintage Denim LIght: https://images.urbndata.com/is/image/UrbanOutfitters/86570827_106_s?fit=constrain&hei=56&qlt=75, Vintage Denim Dark: https://images.urbndata.com/is/image/UrbanOutfitters/86570827_108_s?fit=constrain&hei=56&qlt=75"
iets frans… Seamless Tie-Back Long Sleeve Top,$39.00,https://www.urbanoutfitters.com/shop/iets-frans-seamless-tie-back-long-sleeve-top?category=mens-clothing&color=040,Top Rated,", , , , https://images.urbndata.com/is/image/UrbanOutfitters/81907313_040_s?fit=constrain&hei=56&qlt=75, https://images.urbndata.com/is/image/UrbanOutfitters/81907313_006_s?fit=constrain&hei=56&qlt=75, https://images.urbndata.com/is/image/UrbanOutfitters/81907313_020_s?fit=constrain&hei=56&qlt=75, https://images.urbndata.com/is/image/UrbanOutfitters/81907313_001_s?fit=constrain&hei=56&qlt=75","Blue: https://images.urbndata.com/is/image/UrbanOutfitters/81907313_040_s?fit=constrain&hei=56&qlt=75, Light Grey: https://images.urbndata.com/is/image/UrbanOutfitters/81907313_006_s?fit=constrain&hei=56&qlt=75, Brown: https://images.urbndata.com/is/image/UrbanOutfitters/81907313_020_s?fit=constrain&hei=56&qlt=75, Black: https://images.urbndata.com/is/image/UrbanOutfitters/81907313_001_s?fit=constrain&hei=56&qlt=75"
Standard Cloth Foundation Hoodie Sweatshirt,$39.00,https://www.urbanoutfitters.com/shop/standard-cloth-foundation-hoodie-sweatshirt2?category=mens-clothing&color=045,Top Rated,", , , , https://images.urbndata.com/is/image/UrbanOutfitters/84704428_045_s?fit=constrain&hei=56&qlt=75, https://images.urbndata.com/is/image/UrbanOutfitters/84704428_006_s?fit=constrain&hei=56&qlt=75, https://images.urbndata.com/is/image/UrbanOutfitters/84704428_001_s?fit=constrain&hei=56&qlt=75, https://images.urbndata.com/is/image/UrbanOutfitters/84704428_020_s?fit=constrain&hei=56&qlt=75","Starlight Blue: https://images.urbndata.com/is/image/UrbanOutfitters/84704428_045_s?fit=constrain&hei=56&qlt=75, Light Grey: https://images.urbndata.com/is/image/UrbanOutfitters/84704428_006_s?fit=constrain&hei=56&qlt=75, Black: https://images.urbndata.com/is/image/UrbanOutfitters/84704428_001_s?fit=constrain&hei=56&qlt=75, Brown: https://images.urbndata.com/is/image/UrbanOutfitters/84704428_020_s?fit=constrain&hei=56&qlt=75"
Standard Cloth Ryder 3” Nylon Short,$39.00,https://www.urbanoutfitters.com/shop/standard-cloth-ryder-3-nylon-short?category=mens-clothing&color=040,Top Rated,", , , , , https://images.urbndata.com/is/image/UrbanOutfitters/88408521_040_s?fit=constrain&hei=56&qlt=75, https://images.urbndata.com/is/image/UrbanOutfitters/88408521_072_s?fit=constrain&hei=56&qlt=75, https://images.urbndata.com/is/image/UrbanOutfitters/88408521_065_s?fit=constrain&hei=56&qlt=75, https://images.urbndata.com/is/image/UrbanOutfitters/88408521_001_s?fit=constrain&hei=56&qlt=75","Starlight Blue: https://images.urbndata.com/is/image/UrbanOutfitters/88408521_040_s?fit=constrain&hei=56&qlt=75, Yellow: https://images.urbndata.com/is/image/UrbanOutfitters/88408521_072_s?fit=constrain&hei=56&qlt=75, Rose: https://images.urbndata.com/is/image/UrbanOutfitters/88408521_065_s?fit=constrain&hei=56&qlt=75, Black: https://images.urbndata.com/is/image/UrbanOutfitters/88408521_001_s?fit=constrain&hei=56&qlt=75"
